<!-- 
   Color Palette by Color Scheme Designer
 -->
<palette>
<url>http://colorschemedesigner.com/#0021Tw0w0w0w0</url>
<colorspace>RGB;</colorspace>
<colorset id="primary" title="Primary Color">
<color id="primary-1" nr="1" rgb="FF0000" r="255" g="0" b="0"/>
<color id="primary-2" nr="2" rgb="BF3030" r="191" g="48" b="48"/>
<color id="primary-3" nr="3" rgb="A60000" r="166" g="0" b="0"/>
<color id="primary-4" nr="4" rgb="FF4040" r="255" g="64" b="64"/>
<color id="primary-5" nr="5" rgb="FF7373" r="255" g="115" b="115"/>
</colorset>
<colorset id="complement" title="Complementary Color">
<color id="complement-1" nr="1" rgb="00CC00" r="0" g="204" b="0"/>
<color id="complement-2" nr="2" rgb="269926" r="38" g="153" b="38"/>
<color id="complement-3" nr="3" rgb="008500" r="0" g="133" b="0"/>
<color id="complement-4" nr="4" rgb="39E639" r="57" g="230" b="57"/>
<color id="complement-5" nr="5" rgb="67E667" r="103" g="230" b="103"/>
</colorset>
</palette>
<!--
 Generated by Color Scheme Designer © Petr Stanicek 2002-2010 
-->