<!-- 
   Color Palette by Color Scheme Designer
 -->
<palette>
<url>http://colorschemedesigner.com/#4K525w0w0w0w0</url>
<colorspace>RGB;</colorspace>
<colorset id="primary" title="Primary Color">
<color id="primary-1" nr="1" rgb="7908AA" r="121" g="8" b="170"/>
<color id="primary-2" nr="2" rgb="64247F" r="100" g="36" b="127"/>
<color id="primary-3" nr="3" rgb="4E026E" r="78" g="2" b="110"/>
<color id="primary-4" nr="4" rgb="A63CD4" r="166" g="60" b="212"/>
<color id="primary-5" nr="5" rgb="B365D4" r="179" g="101" b="212"/>
</colorset>
<colorset id="secondary-a" title="Secondary Color A">
<color id="secondary-a-1" nr="1" rgb="E60042" r="230" g="0" b="66"/>
<color id="secondary-a-2" nr="2" rgb="AC2B50" r="172" g="43" b="80"/>
<color id="secondary-a-3" nr="3" rgb="95002B" r="149" g="0" b="43"/>
<color id="secondary-a-4" nr="4" rgb="F23D70" r="242" g="61" b="112"/>
<color id="secondary-a-5" nr="5" rgb="F26D93" r="242" g="109" b="147"/>
</colorset>
<colorset id="secondary-b" title="Secondary Color B">
<color id="secondary-b-1" nr="1" rgb="2618B1" r="38" g="24" b="177"/>
<color id="secondary-b-2" nr="2" rgb="372F85" r="55" g="47" b="133"/>
<color id="secondary-b-3" nr="3" rgb="120873" r="18" g="8" b="115"/>
<color id="secondary-b-4" nr="4" rgb="594CD8" r="89" g="76" b="216"/>
<color id="secondary-b-5" nr="5" rgb="7B72D8" r="123" g="114" b="216"/>
</colorset>
</palette>
<!--
 Generated by Color Scheme Designer © Petr Stanicek 2002-2010 
-->